route,resolution,family,group,name,jp,ko,aliases,state,state_variant,component_index,artwork_rect,artwork_size,artwork_bc_block_rect,processing_rect,processing_size,atlas_clip_rect,boundary_clipped,bc_block_rect,bc_pixel_rect,rect_provenance
common_low,low,standard,0,approve,承認,승인,[],1,,0,"[2502,5,2682,84]","[180,79]","[625,1,671,21]","[2496,0,2688,88]","[192,88]","[2496,0,2688,88]",False,"[624,0,672,22]","[2496,0,2688,88]",detected_stock_alpha_component_plus_background_state_classification
common_low,low,standard,0,approve,承認,승인,[],2,,1,"[2694,5,2874,84]","[180,79]","[673,1,719,21]","[2688,0,2880,88]","[192,88]","[2688,0,2880,88]",False,"[672,0,720,22]","[2688,0,2880,88]",detected_stock_alpha_component_plus_background_state_classification
common_low,low,standard,0,approve,承認,승인,[],3,,2,"[2886,5,3066,84]","[180,79]","[721,1,767,21]","[2880,0,3072,88]","[192,88]","[2880,0,3072,88]",False,"[720,0,768,22]","[2880,0,3072,88]",detected_stock_alpha_component_plus_background_state_classification
common_low,low,standard,0,approve,承認,승인,[],4,,3,"[3078,5,3258,84]","[180,79]","[769,1,815,21]","[3072,0,3264,88]","[192,88]","[3072,0,3264,88]",False,"[768,0,816,22]","[3072,0,3264,88]",detected_stock_alpha_component_plus_background_state_classification
common_low,low,standard,0,approve,承認,승인,[],5,,4,"[3270,5,3450,84]","[180,79]","[817,1,863,21]","[3264,0,3456,88]","[192,88]","[3264,0,3456,88]",False,"[816,0,864,22]","[3264,0,3456,88]",detected_stock_alpha_component_plus_background_state_classification
common_low,low,standard,0,approve,承認,승인,[],6,,5,"[3462,5,3642,84]","[180,79]","[865,1,911,21]","[3456,0,3648,88]","[192,88]","[3456,0,3648,88]",False,"[864,0,912,22]","[3456,0,3648,88]",detected_stock_alpha_component_plus_background_state_classification
common_low,low,standard,1,stop,中止,중지,[],1,,6,"[3654,5,3834,84]","[180,79]","[913,1,959,21]","[3648,0,3840,88]","[192,88]","[3648,0,3840,88]",False,"[912,0,960,22]","[3648,0,3840,88]",detected_stock_alpha_component_plus_background_state_classification
common_low,low,standard,1,stop,中止,중지,[],2,,7,"[3846,5,4026,84]","[180,79]","[961,1,1007,21]","[3840,0,4032,88]","[192,88]","[3840,0,4032,88]",False,"[960,0,1008,22]","[3840,0,4032,88]",detected_stock_alpha_component_plus_background_state_classification
common_low,low,standard,1,stop,中止,중지,[],3,,9,"[270,89,450,168]","[180,79]","[67,22,113,42]","[264,84,456,172]","[192,88]","[264,84,456,172]",False,"[66,21,114,43]","[264,84,456,172]",detected_stock_alpha_component_plus_background_state_classification
common_low,low,standard,1,stop,中止,중지,[],4,,10,"[462,89,642,168]","[180,79]","[115,22,161,42]","[456,84,648,172]","[192,88]","[456,84,648,172]",False,"[114,21,162,43]","[456,84,648,172]",detected_stock_alpha_component_plus_background_state_classification
common_low,low,standard,1,stop,中止,중지,[],5,,11,"[654,89,834,168]","[180,79]","[163,22,209,42]","[648,84,840,172]","[192,88]","[648,84,840,172]",False,"[162,21,210,43]","[648,84,840,172]",detected_stock_alpha_component_plus_background_state_classification
common_low,low,standard,1,stop,中止,중지,[],6,,12,"[846,89,1026,168]","[180,79]","[211,22,257,42]","[840,84,1032,172]","[192,88]","[840,84,1032,172]",False,"[210,21,258,43]","[840,84,1032,172]",detected_stock_alpha_component_plus_background_state_classification
common_low,low,standard,2,close,閉じる,닫기,[],1,,13,"[1038,89,1218,168]","[180,79]","[259,22,305,42]","[1032,84,1224,172]","[192,88]","[1032,84,1224,172]",False,"[258,21,306,43]","[1032,84,1224,172]",detected_stock_alpha_component_plus_background_state_classification
common_low,low,standard,2,close,閉じる,닫기,[],2,,8,"[6,93,186,172]","[180,79]","[1,23,47,43]","[0,88,192,176]","[192,88]","[0,88,192,176]",False,"[0,22,48,44]","[0,88,192,176]",detected_stock_alpha_component_plus_background_state_classification
common_low,low,standard,2,close,閉じる,닫기,[],3,,15,"[1422,89,1602,168]","[180,79]","[355,22,401,42]","[1416,84,1608,172]","[192,88]","[1416,84,1608,172]",False,"[354,21,402,43]","[1416,84,1608,172]",detected_stock_alpha_component_plus_background_state_classification
common_low,low,standard,2,close,閉じる,닫기,[],4,,16,"[1614,89,1794,168]","[180,79]","[403,22,449,42]","[1608,84,1800,172]","[192,88]","[1608,84,1800,172]",False,"[402,21,450,43]","[1608,84,1800,172]",detected_stock_alpha_component_plus_background_state_classification
common_low,low,standard,2,close,閉じる,닫기,[],5,,14,"[1230,89,1410,168]","[180,79]","[307,22,353,42]","[1224,84,1416,172]","[192,88]","[1224,84,1416,172]",False,"[306,21,354,43]","[1224,84,1416,172]",detected_stock_alpha_component_plus_background_state_classification
common_low,low,standard,2,close,閉じる,닫기,[],6,,17,"[2502,93,2682,172]","[180,79]","[625,23,671,43]","[2496,88,2688,176]","[192,88]","[2496,88,2688,176]",False,"[624,22,672,44]","[2496,88,2688,176]",detected_stock_alpha_component_plus_background_state_classification
common_low,low,standard,3,deny,否認,부인,[],1,,18,"[2694,93,2874,172]","[180,79]","[673,23,719,43]","[2688,88,2880,176]","[192,88]","[2688,88,2880,176]",False,"[672,22,720,44]","[2688,88,2880,176]",detected_stock_alpha_component_plus_background_state_classification
common_low,low,standard,3,deny,否認,부인,[],2,,19,"[2886,93,3066,172]","[180,79]","[721,23,767,43]","[2880,88,3072,176]","[192,88]","[2880,88,3072,176]",False,"[720,22,768,44]","[2880,88,3072,176]",detected_stock_alpha_component_plus_background_state_classification
common_low,low,standard,3,deny,否認,부인,[],3,,20,"[3078,93,3258,172]","[180,79]","[769,23,815,43]","[3072,88,3264,176]","[192,88]","[3072,88,3264,176]",False,"[768,22,816,44]","[3072,88,3264,176]",detected_stock_alpha_component_plus_background_state_classification
common_low,low,standard,3,deny,否認,부인,[],4,,21,"[3270,93,3450,172]","[180,79]","[817,23,863,43]","[3264,88,3456,176]","[192,88]","[3264,88,3456,176]",False,"[816,22,864,44]","[3264,88,3456,176]",detected_stock_alpha_component_plus_background_state_classification
common_low,low,standard,3,deny,否認,부인,[],5,,22,"[3462,93,3642,172]","[180,79]","[865,23,911,43]","[3456,88,3648,176]","[192,88]","[3456,88,3648,176]",False,"[864,22,912,44]","[3456,88,3648,176]",detected_stock_alpha_component_plus_background_state_classification
common_low,low,standard,3,deny,否認,부인,[],6,,23,"[3654,93,3834,172]","[180,79]","[913,23,959,43]","[3648,88,3840,176]","[192,88]","[3648,88,3840,176]",False,"[912,22,960,44]","[3648,88,3840,176]",detected_stock_alpha_component_plus_background_state_classification
common_low,low,standard,4,release_all,全解放,전부해방,[],1,,24,"[3846,93,4026,172]","[180,79]","[961,23,1007,43]","[3840,88,4032,176]","[192,88]","[3840,88,4032,176]",False,"[960,22,1008,44]","[3840,88,4032,176]",detected_stock_alpha_component_plus_background_state_classification
common_low,low,standard,4,release_all,全解放,전부해방,[],2,,26,"[198,177,378,256]","[180,79]","[49,44,95,64]","[192,172,384,260]","[192,88]","[192,172,384,260]",False,"[48,43,96,65]","[192,172,384,260]",detected_stock_alpha_component_plus_background_state_classification
common_low,low,standard,4,release_all,全解放,전부해방,[],3,,35,"[1998,173,2178,252]","[180,79]","[499,43,545,63]","[1992,168,2184,256]","[192,88]","[1992,168,2184,256]",False,"[498,42,546,64]","[1992,168,2184,256]",detected_stock_alpha_component_plus_background_state_classification
common_low,low,standard,4,release_all,全解放,전부해방,[],4,,27,"[390,177,570,256]","[180,79]","[97,44,143,64]","[384,172,576,260]","[192,88]","[384,172,576,260]",False,"[96,43,144,65]","[384,172,576,260]",detected_stock_alpha_component_plus_background_state_classification
common_low,low,standard,4,release_all,全解放,전부해방,[],5,,34,"[1806,173,1986,252]","[180,79]","[451,43,497,63]","[1800,168,1992,256]","[192,88]","[1800,168,1992,256]",False,"[450,42,498,64]","[1800,168,1992,256]",detected_stock_alpha_component_plus_background_state_classification
common_low,low,standard,4,release_all,全解放,전부해방,[],6,,36,"[2190,173,2370,252]","[180,79]","[547,43,593,63]","[2184,168,2376,256]","[192,88]","[2184,168,2376,256]",False,"[546,42,594,64]","[2184,168,2376,256]",detected_stock_alpha_component_plus_background_state_classification
common_low,low,standard,5,confirm,決定,결정,[],1,,28,"[582,177,762,256]","[180,79]","[145,44,191,64]","[576,172,768,260]","[192,88]","[576,172,768,260]",False,"[144,43,192,65]","[576,172,768,260]",detected_stock_alpha_component_plus_background_state_classification
common_low,low,standard,5,confirm,決定,결정,[],2,,29,"[774,177,954,256]","[180,79]","[193,44,239,64]","[768,172,960,260]","[192,88]","[768,172,960,260]",False,"[192,43,240,65]","[768,172,960,260]",detected_stock_alpha_component_plus_background_state_classification
common_low,low,standard,5,confirm,決定,결정,[],3,,30,"[966,177,1146,256]","[180,79]","[241,44,287,64]","[960,172,1152,260]","[192,88]","[960,172,1152,260]",False,"[240,43,288,65]","[960,172,1152,260]",detected_stock_alpha_component_plus_background_state_classification
common_low,low,standard,5,confirm,決定,결정,[],4,,31,"[1158,177,1338,256]","[180,79]","[289,44,335,64]","[1152,172,1344,260]","[192,88]","[1152,172,1344,260]",False,"[288,43,336,65]","[1152,172,1344,260]",detected_stock_alpha_component_plus_background_state_classification
common_low,low,standard,5,confirm,決定,결정,[],5,,32,"[1350,177,1530,256]","[180,79]","[337,44,383,64]","[1344,172,1536,260]","[192,88]","[1344,172,1536,260]",False,"[336,43,384,65]","[1344,172,1536,260]",detected_stock_alpha_component_plus_background_state_classification
common_low,low,standard,5,confirm,決定,결정,[],6,,33,"[1542,177,1722,256]","[180,79]","[385,44,431,64]","[1536,172,1728,260]","[192,88]","[1536,172,1728,260]",False,"[384,43,432,65]","[1536,172,1728,260]",detected_stock_alpha_component_plus_background_state_classification
common_low,low,standard,6,reject,拒否,거절,"[""거부""]",1,,25,"[6,181,186,260]","[180,79]","[1,45,47,65]","[0,176,192,264]","[192,88]","[0,176,192,264]",False,"[0,44,48,66]","[0,176,192,264]",detected_stock_alpha_component_plus_background_state_classification
common_low,low,standard,6,reject,拒否,거절,"[""거부""]",2,,37,"[2382,181,2562,260]","[180,79]","[595,45,641,65]","[2376,176,2568,264]","[192,88]","[2376,176,2568,264]",False,"[594,44,642,66]","[2376,176,2568,264]",detected_stock_alpha_component_plus_background_state_classification
common_low,low,standard,6,reject,拒否,거절,"[""거부""]",3,,38,"[2574,181,2754,260]","[180,79]","[643,45,689,65]","[2568,176,2760,264]","[192,88]","[2568,176,2760,264]",False,"[642,44,690,66]","[2568,176,2760,264]",detected_stock_alpha_component_plus_background_state_classification
common_low,low,standard,6,reject,拒否,거절,"[""거부""]",4,,39,"[2766,181,2946,260]","[180,79]","[691,45,737,65]","[2760,176,2952,264]","[192,88]","[2760,176,2952,264]",False,"[690,44,738,66]","[2760,176,2952,264]",detected_stock_alpha_component_plus_background_state_classification
common_low,low,standard,6,reject,拒否,거절,"[""거부""]",5,,40,"[2958,181,3138,260]","[180,79]","[739,45,785,65]","[2952,176,3144,264]","[192,88]","[2952,176,3144,264]",False,"[738,44,786,66]","[2952,176,3144,264]",detected_stock_alpha_component_plus_background_state_classification
common_low,low,standard,6,reject,拒否,거절,"[""거부""]",6,,41,"[3150,181,3330,260]","[180,79]","[787,45,833,65]","[3144,176,3336,264]","[192,88]","[3144,176,3336,264]",False,"[786,44,834,66]","[3144,176,3336,264]",detected_stock_alpha_component_plus_background_state_classification
common_low,low,standard,7,back,戻る,뒤로,[],1,,42,"[3342,181,3522,260]","[180,79]","[835,45,881,65]","[3336,176,3528,264]","[192,88]","[3336,176,3528,264]",False,"[834,44,882,66]","[3336,176,3528,264]",detected_stock_alpha_component_plus_background_state_classification
common_low,low,standard,7,back,戻る,뒤로,[],2,,43,"[3534,181,3714,260]","[180,79]","[883,45,929,65]","[3528,176,3720,264]","[192,88]","[3528,176,3720,264]",False,"[882,44,930,66]","[3528,176,3720,264]",detected_stock_alpha_component_plus_background_state_classification
common_low,low,standard,7,back,戻る,뒤로,[],3,,44,"[3726,181,3906,260]","[180,79]","[931,45,977,65]","[3720,176,3912,264]","[192,88]","[3720,176,3912,264]",False,"[930,44,978,66]","[3720,176,3912,264]",detected_stock_alpha_component_plus_background_state_classification
common_low,low,standard,7,back,戻る,뒤로,[],4,,54,"[1734,261,1914,340]","[180,79]","[433,65,479,85]","[1728,256,1920,344]","[192,88]","[1728,256,1920,344]",False,"[432,64,480,86]","[1728,256,1920,344]",detected_stock_alpha_component_plus_background_state_classification
common_low,low,standard,7,back,戻る,뒤로,[],5,,55,"[1926,261,2106,340]","[180,79]","[481,65,527,85]","[1920,256,2112,344]","[192,88]","[1920,256,2112,344]",False,"[480,64,528,86]","[1920,256,2112,344]",detected_stock_alpha_component_plus_background_state_classification
common_low,low,standard,7,back,戻る,뒤로,[],6,,56,"[2118,261,2298,340]","[180,79]","[529,65,575,85]","[2112,256,2304,344]","[192,88]","[2112,256,2304,344]",False,"[528,64,576,86]","[2112,256,2304,344]",detected_stock_alpha_component_plus_background_state_classification
common_low,low,standard,8,no,いいえ,아니오,[],1,,46,"[198,265,378,344]","[180,79]","[49,66,95,86]","[192,260,384,348]","[192,88]","[192,260,384,348]",False,"[48,65,96,87]","[192,260,384,348]",detected_stock_alpha_component_plus_background_state_classification
common_low,low,standard,8,no,いいえ,아니오,[],2,,47,"[390,265,570,344]","[180,79]","[97,66,143,86]","[384,260,576,348]","[192,88]","[384,260,576,348]",False,"[96,65,144,87]","[384,260,576,348]",detected_stock_alpha_component_plus_background_state_classification
common_low,low,standard,8,no,いいえ,아니오,[],3,,48,"[582,265,762,344]","[180,79]","[145,66,191,86]","[576,260,768,348]","[192,88]","[576,260,768,348]",False,"[144,65,192,87]","[576,260,768,348]",detected_stock_alpha_component_plus_background_state_classification
common_low,low,standard,8,no,いいえ,아니오,[],4,,49,"[774,265,954,344]","[180,79]","[193,66,239,86]","[768,260,960,348]","[192,88]","[768,260,960,348]",False,"[192,65,240,87]","[768,260,960,348]",detected_stock_alpha_component_plus_background_state_classification
common_low,low,standard,8,no,いいえ,아니오,[],5,,50,"[966,265,1146,344]","[180,79]","[241,66,287,86]","[960,260,1152,348]","[192,88]","[960,260,1152,348]",False,"[240,65,288,87]","[960,260,1152,348]",detected_stock_alpha_component_plus_background_state_classification
common_low,low,standard,8,no,いいえ,아니오,[],6,,51,"[1158,265,1338,344]","[180,79]","[289,66,335,86]","[1152,260,1344,348]","[192,88]","[1152,260,1344,348]",False,"[288,65,336,87]","[1152,260,1344,348]",detected_stock_alpha_component_plus_background_state_classification
common_low,low,standard,9,hime,姫,공주,"[""희""]",1,,52,"[1350,265,1530,344]","[180,79]","[337,66,383,86]","[1344,260,1536,348]","[192,88]","[1344,260,1536,348]",False,"[336,65,384,87]","[1344,260,1536,348]",detected_stock_alpha_component_plus_background_state_classification
common_low,low,standard,9,hime,姫,공주,"[""희""]",2,,53,"[1542,265,1722,344]","[180,79]","[385,66,431,86]","[1536,260,1728,348]","[192,88]","[1536,260,1728,348]",False,"[384,65,432,87]","[1536,260,1728,348]",detected_stock_alpha_component_plus_background_state_classification
common_low,low,standard,9,hime,姫,공주,"[""희""]",3,,45,"[6,269,186,348]","[180,79]","[1,67,47,87]","[0,264,192,352]","[192,88]","[0,264,192,352]",False,"[0,66,48,88]","[0,264,192,352]",detected_stock_alpha_component_plus_background_state_classification
common_low,low,standard,9,hime,姫,공주,"[""희""]",4,,57,"[2310,269,2490,348]","[180,79]","[577,67,623,87]","[2304,264,2496,352]","[192,88]","[2304,264,2496,352]",False,"[576,66,624,88]","[2304,264,2496,352]",detected_stock_alpha_component_plus_background_state_classification
common_low,low,standard,9,hime,姫,공주,"[""희""]",5,,58,"[2502,269,2682,348]","[180,79]","[625,67,671,87]","[2496,264,2688,352]","[192,88]","[2496,264,2688,352]",False,"[624,66,672,88]","[2496,264,2688,352]",detected_stock_alpha_component_plus_background_state_classification
common_low,low,standard,9,hime,姫,공주,"[""희""]",6,,59,"[2694,269,2874,348]","[180,79]","[673,67,719,87]","[2688,264,2880,352]","[192,88]","[2688,264,2880,352]",False,"[672,66,720,88]","[2688,264,2880,352]",detected_stock_alpha_component_plus_background_state_classification
common_low,low,standard,10,command,采配する,지휘,[],1,,60,"[2886,269,3066,348]","[180,79]","[721,67,767,87]","[2880,264,3072,352]","[192,88]","[2880,264,3072,352]",False,"[720,66,768,88]","[2880,264,3072,352]",detected_stock_alpha_component_plus_background_state_classification
common_low,low,standard,10,command,采配する,지휘,[],2,,61,"[3078,269,3258,348]","[180,79]","[769,67,815,87]","[3072,264,3264,352]","[192,88]","[3072,264,3264,352]",False,"[768,66,816,88]","[3072,264,3264,352]",detected_stock_alpha_component_plus_background_state_classification
common_low,low,standard,10,command,采配する,지휘,[],3,,62,"[3270,269,3450,348]","[180,79]","[817,67,863,87]","[3264,264,3456,352]","[192,88]","[3264,264,3456,352]",False,"[816,66,864,88]","[3264,264,3456,352]",detected_stock_alpha_component_plus_background_state_classification
common_low,low,standard,10,command,采配する,지휘,[],4,,63,"[3462,269,3642,348]","[180,79]","[865,67,911,87]","[3456,264,3648,352]","[192,88]","[3456,264,3648,352]",False,"[864,66,912,88]","[3456,264,3648,352]",detected_stock_alpha_component_plus_background_state_classification
common_low,low,standard,10,command,采配する,지휘,[],5,,64,"[3654,269,3834,348]","[180,79]","[913,67,959,87]","[3648,264,3840,352]","[192,88]","[3648,264,3840,352]",False,"[912,66,960,88]","[3648,264,3840,352]",detected_stock_alpha_component_plus_background_state_classification
common_low,low,standard,10,command,采配する,지휘,[],6,,65,"[3846,269,4026,348]","[180,79]","[961,67,1007,87]","[3840,264,4032,352]","[192,88]","[3840,264,4032,352]",False,"[960,66,1008,88]","[3840,264,4032,352]",detected_stock_alpha_component_plus_background_state_classification
common_low,low,standard,11,renegotiate,再交渉,재교섭,[],1,,75,"[1734,349,1914,428]","[180,79]","[433,87,479,107]","[1728,344,1920,432]","[192,88]","[1728,344,1920,432]",False,"[432,86,480,108]","[1728,344,1920,432]",detected_stock_alpha_component_plus_background_state_classification
common_low,low,standard,11,renegotiate,再交渉,재교섭,[],2,,68,"[390,353,570,432]","[180,79]","[97,88,143,108]","[384,348,576,436]","[192,88]","[384,348,576,436]",False,"[96,87,144,109]","[384,348,576,436]",detected_stock_alpha_component_plus_background_state_classification
common_low,low,standard,11,renegotiate,再交渉,재교섭,[],3,,77,"[2118,349,2298,428]","[180,79]","[529,87,575,107]","[2112,344,2304,432]","[192,88]","[2112,344,2304,432]",False,"[528,86,576,108]","[2112,344,2304,432]",detected_stock_alpha_component_plus_background_state_classification
common_low,low,standard,11,renegotiate,再交渉,재교섭,[],4,,67,"[198,353,378,432]","[180,79]","[49,88,95,108]","[192,348,384,436]","[192,88]","[192,348,384,436]",False,"[48,87,96,109]","[192,348,384,436]",detected_stock_alpha_component_plus_background_state_classification
common_low,low,standard,11,renegotiate,再交渉,재교섭,[],5,,76,"[1926,349,2106,428]","[180,79]","[481,87,527,107]","[1920,344,2112,432]","[192,88]","[1920,344,2112,432]",False,"[480,86,528,108]","[1920,344,2112,432]",detected_stock_alpha_component_plus_background_state_classification
common_low,low,standard,11,renegotiate,再交渉,재교섭,[],6,,69,"[582,353,762,432]","[180,79]","[145,88,191,108]","[576,348,768,436]","[192,88]","[576,348,768,436]",False,"[144,87,192,109]","[576,348,768,436]",detected_stock_alpha_component_plus_background_state_classification
common_low,low,standard,12,accept,承諾,수락,"[""승낙""]",1,,70,"[774,353,954,432]","[180,79]","[193,88,239,108]","[768,348,960,436]","[192,88]","[768,348,960,436]",False,"[192,87,240,109]","[768,348,960,436]",detected_stock_alpha_component_plus_background_state_classification
common_low,low,standard,12,accept,承諾,수락,"[""승낙""]",2,,71,"[966,353,1146,432]","[180,79]","[241,88,287,108]","[960,348,1152,436]","[192,88]","[960,348,1152,436]",False,"[240,87,288,109]","[960,348,1152,436]",detected_stock_alpha_component_plus_background_state_classification
common_low,low,standard,12,accept,承諾,수락,"[""승낙""]",3,,72,"[1158,353,1338,432]","[180,79]","[289,88,335,108]","[1152,348,1344,436]","[192,88]","[1152,348,1344,436]",False,"[288,87,336,109]","[1152,348,1344,436]",detected_stock_alpha_component_plus_background_state_classification
common_low,low,standard,12,accept,承諾,수락,"[""승낙""]",4,,66,"[6,357,186,436]","[180,79]","[1,89,47,109]","[0,352,192,440]","[192,88]","[0,352,192,440]",False,"[0,88,48,110]","[0,352,192,440]",detected_stock_alpha_component_plus_background_state_classification
common_low,low,standard,12,accept,承諾,수락,"[""승낙""]",5,,74,"[1542,353,1722,432]","[180,79]","[385,88,431,108]","[1536,348,1728,436]","[192,88]","[1536,348,1728,436]",False,"[384,87,432,109]","[1536,348,1728,436]",detected_stock_alpha_component_plus_background_state_classification
common_low,low,standard,12,accept,承諾,수락,"[""승낙""]",6,,73,"[1350,353,1530,432]","[180,79]","[337,88,383,108]","[1344,348,1536,436]","[192,88]","[1344,348,1536,436]",False,"[336,87,384,109]","[1344,348,1536,436]",detected_stock_alpha_component_plus_background_state_classification
common_low,low,standard,13,dispose,処断,처단,[],1,,78,"[2310,357,2490,436]","[180,79]","[577,89,623,109]","[2304,352,2496,440]","[192,88]","[2304,352,2496,440]",False,"[576,88,624,110]","[2304,352,2496,440]",detected_stock_alpha_component_plus_background_state_classification
common_low,low,standard,13,dispose,処断,처단,[],2,,79,"[2502,357,2682,436]","[180,79]","[625,89,671,109]","[2496,352,2688,440]","[192,88]","[2496,352,2688,440]",False,"[624,88,672,110]","[2496,352,2688,440]",detected_stock_alpha_component_plus_background_state_classification
common_low,low,standard,13,dispose,処断,처단,[],3,,80,"[2694,357,2874,436]","[180,79]","[673,89,719,109]","[2688,352,2880,440]","[192,88]","[2688,352,2880,440]",False,"[672,88,720,110]","[2688,352,2880,440]",detected_stock_alpha_component_plus_background_state_classification
common_low,low,standard,13,dispose,処断,처단,[],4,,81,"[2886,357,3066,436]","[180,79]","[721,89,767,109]","[2880,352,3072,440]","[192,88]","[2880,352,3072,440]",False,"[720,88,768,110]","[2880,352,3072,440]",detected_stock_alpha_component_plus_background_state_classification
common_low,low,standard,13,dispose,処断,처단,[],5,,82,"[3078,357,3258,436]","[180,79]","[769,89,815,109]","[3072,352,3264,440]","[192,88]","[3072,352,3264,440]",False,"[768,88,816,110]","[3072,352,3264,440]",detected_stock_alpha_component_plus_background_state_classification
common_low,low,standard,13,dispose,処断,처단,[],6,,83,"[3270,357,3450,436]","[180,79]","[817,89,863,109]","[3264,352,3456,440]","[192,88]","[3264,352,3456,440]",False,"[816,88,864,110]","[3264,352,3456,440]",detected_stock_alpha_component_plus_background_state_classification
common_low,low,standard,14,skip,スキップ,건너뛰기,[],1,,84,"[3462,357,3642,436]","[180,79]","[865,89,911,109]","[3456,352,3648,440]","[192,88]","[3456,352,3648,440]",False,"[864,88,912,110]","[3456,352,3648,440]",detected_stock_alpha_component_plus_background_state_classification
common_low,low,standard,14,skip,スキップ,건너뛰기,[],2,,85,"[3654,357,3834,436]","[180,79]","[913,89,959,109]","[3648,352,3840,440]","[192,88]","[3648,352,3840,440]",False,"[912,88,960,110]","[3648,352,3840,440]",detected_stock_alpha_component_plus_background_state_classification
common_low,low,standard,14,skip,スキップ,건너뛰기,[],3,,86,"[3846,357,4026,436]","[180,79]","[961,89,1007,109]","[3840,352,4032,440]","[192,88]","[3840,352,4032,440]",False,"[960,88,1008,110]","[3840,352,4032,440]",detected_stock_alpha_component_plus_background_state_classification
common_low,low,standard,14,skip,スキップ,건너뛰기,[],4,,96,"[1734,437,1914,516]","[180,79]","[433,109,479,129]","[1728,432,1920,520]","[192,88]","[1728,432,1920,520]",False,"[432,108,480,130]","[1728,432,1920,520]",detected_stock_alpha_component_plus_background_state_classification
common_low,low,standard,14,skip,スキップ,건너뛰기,[],5,,97,"[1926,437,2106,516]","[180,79]","[481,109,527,129]","[1920,432,2112,520]","[192,88]","[1920,432,2112,520]",False,"[480,108,528,130]","[1920,432,2112,520]",detected_stock_alpha_component_plus_background_state_classification
common_low,low,standard,14,skip,スキップ,건너뛰기,[],6,,98,"[2118,437,2298,516]","[180,79]","[529,109,575,129]","[2112,432,2304,520]","[192,88]","[2112,432,2304,520]",False,"[528,108,576,130]","[2112,432,2304,520]",detected_stock_alpha_component_plus_background_state_classification
common_low,low,standard,15,start,開始,시작,"[""개시""]",1,,88,"[198,441,378,520]","[180,79]","[49,110,95,130]","[192,436,384,524]","[192,88]","[192,436,384,524]",False,"[48,109,96,131]","[192,436,384,524]",detected_stock_alpha_component_plus_background_state_classification
common_low,low,standard,15,start,開始,시작,"[""개시""]",2,,89,"[390,441,570,520]","[180,79]","[97,110,143,130]","[384,436,576,524]","[192,88]","[384,436,576,524]",False,"[96,109,144,131]","[384,436,576,524]",detected_stock_alpha_component_plus_background_state_classification
common_low,low,standard,15,start,開始,시작,"[""개시""]",3,,90,"[582,441,762,520]","[180,79]","[145,110,191,130]","[576,436,768,524]","[192,88]","[576,436,768,524]",False,"[144,109,192,131]","[576,436,768,524]",detected_stock_alpha_component_plus_background_state_classification
common_low,low,standard,15,start,開始,시작,"[""개시""]",4,,91,"[774,441,954,520]","[180,79]","[193,110,239,130]","[768,436,960,524]","[192,88]","[768,436,960,524]",False,"[192,109,240,131]","[768,436,960,524]",detected_stock_alpha_component_plus_background_state_classification
common_low,low,standard,15,start,開始,시작,"[""개시""]",5,,92,"[966,441,1146,520]","[180,79]","[241,110,287,130]","[960,436,1152,524]","[192,88]","[960,436,1152,524]",False,"[240,109,288,131]","[960,436,1152,524]",detected_stock_alpha_component_plus_background_state_classification
common_low,low,standard,15,start,開始,시작,"[""개시""]",6,,93,"[1158,441,1338,520]","[180,79]","[289,110,335,130]","[1152,436,1344,524]","[192,88]","[1152,436,1344,524]",False,"[288,109,336,131]","[1152,436,1344,524]",detected_stock_alpha_component_plus_background_state_classification
common_low,low,standard,16,recruit,登用,등용,[],1,,94,"[1350,441,1530,520]","[180,79]","[337,110,383,130]","[1344,436,1536,524]","[192,88]","[1344,436,1536,524]",False,"[336,109,384,131]","[1344,436,1536,524]",detected_stock_alpha_component_plus_background_state_classification
common_low,low,standard,16,recruit,登用,등용,[],2,,95,"[1542,441,1722,520]","[180,79]","[385,110,431,130]","[1536,436,1728,524]","[192,88]","[1536,436,1728,524]",False,"[384,109,432,131]","[1536,436,1728,524]",detected_stock_alpha_component_plus_background_state_classification
common_low,low,standard,16,recruit,登用,등용,[],3,,87,"[6,445,186,524]","[180,79]","[1,111,47,131]","[0,440,192,528]","[192,88]","[0,440,192,528]",False,"[0,110,48,132]","[0,440,192,528]",detected_stock_alpha_component_plus_background_state_classification
common_low,low,standard,16,recruit,登用,등용,[],4,,99,"[2310,445,2490,524]","[180,79]","[577,111,623,131]","[2304,440,2496,528]","[192,88]","[2304,440,2496,528]",False,"[576,110,624,132]","[2304,440,2496,528]",detected_stock_alpha_component_plus_background_state_classification
common_low,low,standard,16,recruit,登用,등용,[],5,,100,"[2502,445,2682,524]","[180,79]","[625,111,671,131]","[2496,440,2688,528]","[192,88]","[2496,440,2688,528]",False,"[624,110,672,132]","[2496,440,2688,528]",detected_stock_alpha_component_plus_background_state_classification
common_low,low,standard,16,recruit,登用,등용,[],6,,101,"[2694,445,2874,524]","[180,79]","[673,111,719,131]","[2688,440,2880,528]","[192,88]","[2688,440,2880,528]",False,"[672,110,720,132]","[2688,440,2880,528]",detected_stock_alpha_component_plus_background_state_classification
common_low,low,standard,17,warrior,武将,무장,[],1,,102,"[2886,445,3066,524]","[180,79]","[721,111,767,131]","[2880,440,3072,528]","[192,88]","[2880,440,3072,528]",False,"[720,110,768,132]","[2880,440,3072,528]",detected_stock_alpha_component_plus_background_state_classification
common_low,low,standard,17,warrior,武将,무장,[],2,,103,"[3078,445,3258,524]","[180,79]","[769,111,815,131]","[3072,440,3264,528]","[192,88]","[3072,440,3264,528]",False,"[768,110,816,132]","[3072,440,3264,528]",detected_stock_alpha_component_plus_background_state_classification
common_low,low,standard,17,warrior,武将,무장,[],3,,104,"[3270,445,3450,524]","[180,79]","[817,111,863,131]","[3264,440,3456,528]","[192,88]","[3264,440,3456,528]",False,"[816,110,864,132]","[3264,440,3456,528]",detected_stock_alpha_component_plus_background_state_classification
common_low,low,standard,17,warrior,武将,무장,[],4,,105,"[3462,445,3642,524]","[180,79]","[865,111,911,131]","[3456,440,3648,528]","[192,88]","[3456,440,3648,528]",False,"[864,110,912,132]","[3456,440,3648,528]",detected_stock_alpha_component_plus_background_state_classification
common_low,low,standard,17,warrior,武将,무장,[],5,,106,"[3654,445,3834,524]","[180,79]","[913,111,959,131]","[3648,440,3840,528]","[192,88]","[3648,440,3840,528]",False,"[912,110,960,132]","[3648,440,3840,528]",detected_stock_alpha_component_plus_background_state_classification
common_low,low,standard,17,warrior,武将,무장,[],6,,107,"[3846,445,4026,524]","[180,79]","[961,111,1007,131]","[3840,440,4032,528]","[192,88]","[3840,440,4032,528]",False,"[960,110,1008,132]","[3840,440,4032,528]",detected_stock_alpha_component_plus_background_state_classification
common_low,low,standard,18,yes,はい,예,[],1,,117,"[1734,525,1914,604]","[180,79]","[433,131,479,151]","[1728,520,1920,608]","[192,88]","[1728,520,1920,608]",False,"[432,130,480,152]","[1728,520,1920,608]",detected_stock_alpha_component_plus_background_state_classification
common_low,low,standard,18,yes,はい,예,[],2,,110,"[390,529,570,608]","[180,79]","[97,132,143,152]","[384,524,576,612]","[192,88]","[384,524,576,612]",False,"[96,131,144,153]","[384,524,576,612]",detected_stock_alpha_component_plus_background_state_classification
common_low,low,standard,18,yes,はい,예,[],3,,119,"[2118,525,2298,604]","[180,79]","[529,131,575,151]","[2112,520,2304,608]","[192,88]","[2112,520,2304,608]",False,"[528,130,576,152]","[2112,520,2304,608]",detected_stock_alpha_component_plus_background_state_classification
common_low,low,standard,18,yes,はい,예,[],4,,109,"[198,529,378,608]","[180,79]","[49,132,95,152]","[192,524,384,612]","[192,88]","[192,524,384,612]",False,"[48,131,96,153]","[192,524,384,612]",detected_stock_alpha_component_plus_background_state_classification
common_low,low,standard,18,yes,はい,예,[],5,,118,"[1926,525,2106,604]","[180,79]","[481,131,527,151]","[1920,520,2112,608]","[192,88]","[1920,520,2112,608]",False,"[480,130,528,152]","[1920,520,2112,608]",detected_stock_alpha_component_plus_background_state_classification
common_low,low,standard,18,yes,はい,예,[],6,,111,"[582,529,762,608]","[180,79]","[145,132,191,152]","[576,524,768,612]","[192,88]","[576,524,768,612]",False,"[144,131,192,153]","[576,524,768,612]",detected_stock_alpha_component_plus_background_state_classification
common_low,low,standard,19,next,次へ,다음,[],1,,112,"[774,529,954,608]","[180,79]","[193,132,239,152]","[768,524,960,612]","[192,88]","[768,524,960,612]",False,"[192,131,240,153]","[768,524,960,612]",detected_stock_alpha_component_plus_background_state_classification
common_low,low,standard,19,next,次へ,다음,[],2,,113,"[966,529,1146,608]","[180,79]","[241,132,287,152]","[960,524,1152,612]","[192,88]","[960,524,1152,612]",False,"[240,131,288,153]","[960,524,1152,612]",detected_stock_alpha_component_plus_background_state_classification
common_low,low,standard,19,next,次へ,다음,[],3,,114,"[1158,529,1338,608]","[180,79]","[289,132,335,152]","[1152,524,1344,612]","[192,88]","[1152,524,1344,612]",False,"[288,131,336,153]","[1152,524,1344,612]",detected_stock_alpha_component_plus_background_state_classification
common_low,low,standard,19,next,次へ,다음,[],4,,108,"[6,533,186,612]","[180,79]","[1,133,47,153]","[0,528,192,616]","[192,88]","[0,528,192,616]",False,"[0,132,48,154]","[0,528,192,616]",detected_stock_alpha_component_plus_background_state_classification
common_low,low,standard,19,next,次へ,다음,[],5,,116,"[1542,529,1722,608]","[180,79]","[385,132,431,152]","[1536,524,1728,612]","[192,88]","[1536,524,1728,612]",False,"[384,131,432,153]","[1536,524,1728,612]",detected_stock_alpha_component_plus_background_state_classification
common_low,low,standard,19,next,次へ,다음,[],6,,115,"[1350,529,1530,608]","[180,79]","[337,132,383,152]","[1344,524,1536,612]","[192,88]","[1344,524,1536,612]",False,"[336,131,384,153]","[1344,524,1536,612]",detected_stock_alpha_component_plus_background_state_classification
common_low,low,battle_start,0,battle_start,開戦,개전,[],1,,0,"[7,6,259,80]","[252,74]","[1,1,65,20]","[1,-1,265,87]","[264,88]","[1,0,265,87]",True,"[0,0,67,22]","[0,0,268,88]",detected_stock_alpha_component_in_left_to_right_state_order
common_low,low,battle_start,0,battle_start,開戦,개전,[],2,,1,"[273,5,519,77]","[246,72]","[68,1,130,20]","[264,-3,528,85]","[264,88]","[264,0,528,85]",True,"[66,0,132,22]","[264,0,528,88]",detected_stock_alpha_component_in_left_to_right_state_order
common_low,low,battle_start,0,battle_start,開戦,개전,[],3,,2,"[537,5,783,77]","[246,72]","[134,1,196,20]","[528,-3,792,85]","[264,88]","[528,0,792,85]",True,"[132,0,198,22]","[528,0,792,88]",detected_stock_alpha_component_in_left_to_right_state_order
common_low,low,battle_start,0,battle_start,開戦,개전,[],4,,3,"[801,5,1047,77]","[246,72]","[200,1,262,20]","[792,-3,1056,85]","[264,88]","[792,0,1056,85]",True,"[198,0,264,22]","[792,0,1056,88]",detected_stock_alpha_component_in_left_to_right_state_order
common_low,low,battle_start,0,battle_start,開戦,개전,[],5,,4,"[1065,5,1311,77]","[246,72]","[266,1,328,20]","[1056,-3,1320,85]","[264,88]","[1056,0,1320,85]",True,"[264,0,330,22]","[1056,0,1320,88]",detected_stock_alpha_component_in_left_to_right_state_order
common_low,low,battle_start,0,battle_start,開戦,개전,[],6,,5,"[1329,5,1575,77]","[246,72]","[332,1,394,20]","[1320,-3,1584,85]","[264,88]","[1320,0,1584,85]",True,"[330,0,396,22]","[1320,0,1584,88]",detected_stock_alpha_component_in_left_to_right_state_order
common_low,low,battle_start,0,battle_start,開戦,개전,[],7,,6,"[1593,5,1839,77]","[246,72]","[398,1,460,20]","[1584,-3,1848,85]","[264,88]","[1584,0,1848,85]",True,"[396,0,462,22]","[1584,0,1848,88]",detected_stock_alpha_component_in_left_to_right_state_order
common_high_standard,high,standard,0,approve,承認,승인,[],1,,0,"[1256,6,1616,164]","[360,158]","[314,1,404,41]","[1248,1,1624,169]","[376,168]","[1248,1,1624,169]",False,"[312,0,406,43]","[1248,0,1624,172]",detected_stock_alpha_component_in_verified_six_state_pack_order
common_high_standard,high,standard,0,approve,承認,승인,[],2,,1,"[1632,6,1992,164]","[360,158]","[408,1,498,41]","[1624,1,2000,169]","[376,168]","[1624,1,2000,169]",False,"[406,0,500,43]","[1624,0,2000,172]",detected_stock_alpha_component_in_verified_six_state_pack_order
common_high_standard,high,standard,0,approve,承認,승인,[],3,,2,"[2008,6,2368,164]","[360,158]","[502,1,592,41]","[2000,1,2376,169]","[376,168]","[2000,1,2376,169]",False,"[500,0,594,43]","[2000,0,2376,172]",detected_stock_alpha_component_in_verified_six_state_pack_order
common_high_standard,high,standard,0,approve,承認,승인,[],4,,3,"[2384,6,2744,164]","[360,158]","[596,1,686,41]","[2376,1,2752,169]","[376,168]","[2376,1,2752,169]",False,"[594,0,688,43]","[2376,0,2752,172]",detected_stock_alpha_component_in_verified_six_state_pack_order
common_high_standard,high,standard,0,approve,承認,승인,[],5,,4,"[2760,6,3120,164]","[360,158]","[690,1,780,41]","[2752,1,3128,169]","[376,168]","[2752,1,3128,169]",False,"[688,0,782,43]","[2752,0,3128,172]",detected_stock_alpha_component_in_verified_six_state_pack_order
common_high_standard,high,standard,0,approve,承認,승인,[],6,,5,"[3136,6,3496,164]","[360,158]","[784,1,874,41]","[3128,1,3504,169]","[376,168]","[3128,1,3504,169]",False,"[782,0,876,43]","[3128,0,3504,172]",detected_stock_alpha_component_in_verified_six_state_pack_order
common_high_standard,high,standard,1,stop,中止,중지,[],1,,6,"[3512,6,3872,164]","[360,158]","[878,1,968,41]","[3504,1,3880,169]","[376,168]","[3504,1,3880,169]",False,"[876,0,970,43]","[3504,0,3880,172]",detected_stock_alpha_component_in_verified_six_state_pack_order
common_high_standard,high,standard,1,stop,中止,중지,[],2,,7,"[1256,174,1616,332]","[360,158]","[314,43,404,83]","[1248,169,1624,337]","[376,168]","[1248,169,1624,337]",False,"[312,42,406,85]","[1248,168,1624,340]",detected_stock_alpha_component_in_verified_six_state_pack_order
common_high_standard,high,standard,1,stop,中止,중지,[],3,,8,"[1632,174,1992,332]","[360,158]","[408,43,498,83]","[1624,169,2000,337]","[376,168]","[1624,169,2000,337]",False,"[406,42,500,85]","[1624,168,2000,340]",detected_stock_alpha_component_in_verified_six_state_pack_order
common_high_standard,high,standard,1,stop,中止,중지,[],4,,9,"[2008,174,2368,332]","[360,158]","[502,43,592,83]","[2000,169,2376,337]","[376,168]","[2000,169,2376,337]",False,"[500,42,594,85]","[2000,168,2376,340]",detected_stock_alpha_component_in_verified_six_state_pack_order
common_high_standard,high,standard,1,stop,中止,중지,[],5,,10,"[2384,174,2744,332]","[360,158]","[596,43,686,83]","[2376,169,2752,337]","[376,168]","[2376,169,2752,337]",False,"[594,42,688,85]","[2376,168,2752,340]",detected_stock_alpha_component_in_verified_six_state_pack_order
common_high_standard,high,standard,1,stop,中止,중지,[],6,,11,"[2760,174,3120,332]","[360,158]","[690,43,780,83]","[2752,169,3128,337]","[376,168]","[2752,169,3128,337]",False,"[688,42,782,85]","[2752,168,3128,340]",detected_stock_alpha_component_in_verified_six_state_pack_order
common_high_standard,high,standard,2,close,閉じる,닫기,[],1,,12,"[3136,174,3496,332]","[360,158]","[784,43,874,83]","[3128,169,3504,337]","[376,168]","[3128,169,3504,337]",False,"[782,42,876,85]","[3128,168,3504,340]",detected_stock_alpha_component_in_verified_six_state_pack_order
common_high_standard,high,standard,2,close,閉じる,닫기,[],2,,13,"[3512,174,3872,332]","[360,158]","[878,43,968,83]","[3504,169,3880,337]","[376,168]","[3504,169,3880,337]",False,"[876,42,970,85]","[3504,168,3880,340]",detected_stock_alpha_component_in_verified_six_state_pack_order
common_high_standard,high,standard,2,close,閉じる,닫기,[],3,,14,"[8,334,368,492]","[360,158]","[2,83,92,123]","[0,329,376,497]","[376,168]","[0,329,376,497]",False,"[0,82,94,125]","[0,328,376,500]",detected_stock_alpha_component_in_verified_six_state_pack_order
common_high_standard,high,standard,2,close,閉じる,닫기,[],4,,15,"[384,334,744,492]","[360,158]","[96,83,186,123]","[376,329,752,497]","[376,168]","[376,329,752,497]",False,"[94,82,188,125]","[376,328,752,500]",detected_stock_alpha_component_in_verified_six_state_pack_order
common_high_standard,high,standard,2,close,閉じる,닫기,[],5,,16,"[760,334,1120,492]","[360,158]","[190,83,280,123]","[752,329,1128,497]","[376,168]","[752,329,1128,497]",False,"[188,82,282,125]","[752,328,1128,500]",detected_stock_alpha_component_in_verified_six_state_pack_order
common_high_standard,high,standard,2,close,閉じる,닫기,[],6,,17,"[1136,342,1496,500]","[360,158]","[284,85,374,125]","[1128,337,1504,505]","[376,168]","[1128,337,1504,505]",False,"[282,84,376,127]","[1128,336,1504,508]",detected_stock_alpha_component_in_verified_six_state_pack_order
common_high_standard,high,standard,3,deny,否認,부인,[],1,,18,"[1512,342,1872,500]","[360,158]","[378,85,468,125]","[1504,337,1880,505]","[376,168]","[1504,337,1880,505]",False,"[376,84,470,127]","[1504,336,1880,508]",detected_stock_alpha_component_in_verified_six_state_pack_order
common_high_standard,high,standard,3,deny,否認,부인,[],2,,19,"[1888,342,2248,500]","[360,158]","[472,85,562,125]","[1880,337,2256,505]","[376,168]","[1880,337,2256,505]",False,"[470,84,564,127]","[1880,336,2256,508]",detected_stock_alpha_component_in_verified_six_state_pack_order
common_high_standard,high,standard,3,deny,否認,부인,[],3,,20,"[2264,342,2624,500]","[360,158]","[566,85,656,125]","[2256,337,2632,505]","[376,168]","[2256,337,2632,505]",False,"[564,84,658,127]","[2256,336,2632,508]",detected_stock_alpha_component_in_verified_six_state_pack_order
common_high_standard,high,standard,3,deny,否認,부인,[],4,,21,"[2640,342,3000,500]","[360,158]","[660,85,750,125]","[2632,337,3008,505]","[376,168]","[2632,337,3008,505]",False,"[658,84,752,127]","[2632,336,3008,508]",detected_stock_alpha_component_in_verified_six_state_pack_order
common_high_standard,high,standard,3,deny,否認,부인,[],5,,22,"[3016,342,3376,500]","[360,158]","[754,85,844,125]","[3008,337,3384,505]","[376,168]","[3008,337,3384,505]",False,"[752,84,846,127]","[3008,336,3384,508]",detected_stock_alpha_component_in_verified_six_state_pack_order
common_high_standard,high,standard,3,deny,否認,부인,[],6,,23,"[3392,342,3752,500]","[360,158]","[848,85,938,125]","[3384,337,3760,505]","[376,168]","[3384,337,3760,505]",False,"[846,84,940,127]","[3384,336,3760,508]",detected_stock_alpha_component_in_verified_six_state_pack_order
common_high_standard,high,standard,4,release_all,全解放,전부해방,[],1,,24,"[8,502,368,660]","[360,158]","[2,125,92,165]","[0,497,376,665]","[376,168]","[0,497,376,665]",False,"[0,124,94,167]","[0,496,376,668]",detected_stock_alpha_component_in_verified_six_state_pack_order
common_high_standard,high,standard,4,release_all,全解放,전부해방,[],2,,25,"[384,502,744,660]","[360,158]","[96,125,186,165]","[376,497,752,665]","[376,168]","[376,497,752,665]",False,"[94,124,188,167]","[376,496,752,668]",detected_stock_alpha_component_in_verified_six_state_pack_order
common_high_standard,high,standard,4,release_all,全解放,전부해방,[],3,,26,"[760,502,1120,660]","[360,158]","[190,125,280,165]","[752,497,1128,665]","[376,168]","[752,497,1128,665]",False,"[188,124,282,167]","[752,496,1128,668]",detected_stock_alpha_component_in_verified_six_state_pack_order
common_high_standard,high,standard,4,release_all,全解放,전부해방,[],4,,27,"[1136,510,1496,668]","[360,158]","[284,127,374,167]","[1128,505,1504,673]","[376,168]","[1128,505,1504,673]",False,"[282,126,376,169]","[1128,504,1504,676]",detected_stock_alpha_component_in_verified_six_state_pack_order
common_high_standard,high,standard,4,release_all,全解放,전부해방,[],5,,28,"[1512,510,1872,668]","[360,158]","[378,127,468,167]","[1504,505,1880,673]","[376,168]","[1504,505,1880,673]",False,"[376,126,470,169]","[1504,504,1880,676]",detected_stock_alpha_component_in_verified_six_state_pack_order
common_high_standard,high,standard,4,release_all,全解放,전부해방,[],6,,29,"[1888,510,2248,668]","[360,158]","[472,127,562,167]","[1880,505,2256,673]","[376,168]","[1880,505,2256,673]",False,"[470,126,564,169]","[1880,504,2256,676]",detected_stock_alpha_component_in_verified_six_state_pack_order
common_high_standard,high,standard,5,confirm,決定,결정,[],1,,30,"[2264,510,2624,668]","[360,158]","[566,127,656,167]","[2256,505,2632,673]","[376,168]","[2256,505,2632,673]",False,"[564,126,658,169]","[2256,504,2632,676]",detected_stock_alpha_component_in_verified_six_state_pack_order
common_high_standard,high,standard,5,confirm,決定,결정,[],2,,31,"[2640,510,3000,668]","[360,158]","[660,127,750,167]","[2632,505,3008,673]","[376,168]","[2632,505,3008,673]",False,"[658,126,752,169]","[2632,504,3008,676]",detected_stock_alpha_component_in_verified_six_state_pack_order
common_high_standard,high,standard,5,confirm,決定,결정,[],3,,32,"[3016,510,3376,668]","[360,158]","[754,127,844,167]","[3008,505,3384,673]","[376,168]","[3008,505,3384,673]",False,"[752,126,846,169]","[3008,504,3384,676]",detected_stock_alpha_component_in_verified_six_state_pack_order
common_high_standard,high,standard,5,confirm,決定,결정,[],4,,33,"[3392,510,3752,668]","[360,158]","[848,127,938,167]","[3384,505,3760,673]","[376,168]","[3384,505,3760,673]",False,"[846,126,940,169]","[3384,504,3760,676]",detected_stock_alpha_component_in_verified_six_state_pack_order
common_high_standard,high,standard,5,confirm,決定,결정,[],5,,34,"[8,670,368,828]","[360,158]","[2,167,92,207]","[0,665,376,833]","[376,168]","[0,665,376,833]",False,"[0,166,94,209]","[0,664,376,836]",detected_stock_alpha_component_in_verified_six_state_pack_order
common_high_standard,high,standard,5,confirm,決定,결정,[],6,,35,"[384,670,744,828]","[360,158]","[96,167,186,207]","[376,665,752,833]","[376,168]","[376,665,752,833]",False,"[94,166,188,209]","[376,664,752,836]",detected_stock_alpha_component_in_verified_six_state_pack_order
common_high_standard,high,standard,6,reject,拒否,거절,"[""거부""]",1,,36,"[760,670,1120,828]","[360,158]","[190,167,280,207]","[752,665,1128,833]","[376,168]","[752,665,1128,833]",False,"[188,166,282,209]","[752,664,1128,836]",detected_stock_alpha_component_in_verified_six_state_pack_order
common_high_standard,high,standard,6,reject,拒否,거절,"[""거부""]",2,,37,"[1136,678,1496,836]","[360,158]","[284,169,374,209]","[1128,673,1504,841]","[376,168]","[1128,673,1504,841]",False,"[282,168,376,211]","[1128,672,1504,844]",detected_stock_alpha_component_in_verified_six_state_pack_order
common_high_standard,high,standard,6,reject,拒否,거절,"[""거부""]",3,,38,"[1512,678,1872,836]","[360,158]","[378,169,468,209]","[1504,673,1880,841]","[376,168]","[1504,673,1880,841]",False,"[376,168,470,211]","[1504,672,1880,844]",detected_stock_alpha_component_in_verified_six_state_pack_order
common_high_standard,high,standard,6,reject,拒否,거절,"[""거부""]",4,,39,"[1888,678,2248,836]","[360,158]","[472,169,562,209]","[1880,673,2256,841]","[376,168]","[1880,673,2256,841]",False,"[470,168,564,211]","[1880,672,2256,844]",detected_stock_alpha_component_in_verified_six_state_pack_order
common_high_standard,high,standard,6,reject,拒否,거절,"[""거부""]",5,,40,"[2264,678,2624,836]","[360,158]","[566,169,656,209]","[2256,673,2632,841]","[376,168]","[2256,673,2632,841]",False,"[564,168,658,211]","[2256,672,2632,844]",detected_stock_alpha_component_in_verified_six_state_pack_order
common_high_standard,high,standard,6,reject,拒否,거절,"[""거부""]",6,,41,"[2640,678,3000,836]","[360,158]","[660,169,750,209]","[2632,673,3008,841]","[376,168]","[2632,673,3008,841]",False,"[658,168,752,211]","[2632,672,3008,844]",detected_stock_alpha_component_in_verified_six_state_pack_order
common_high_standard,high,standard,7,back,戻る,뒤로,[],1,,42,"[3016,678,3376,836]","[360,158]","[754,169,844,209]","[3008,673,3384,841]","[376,168]","[3008,673,3384,841]",False,"[752,168,846,211]","[3008,672,3384,844]",detected_stock_alpha_component_in_verified_six_state_pack_order
common_high_standard,high,standard,7,back,戻る,뒤로,[],2,,43,"[3392,678,3752,836]","[360,158]","[848,169,938,209]","[3384,673,3760,841]","[376,168]","[3384,673,3760,841]",False,"[846,168,940,211]","[3384,672,3760,844]",detected_stock_alpha_component_in_verified_six_state_pack_order
common_high_standard,high,standard,7,back,戻る,뒤로,[],3,,44,"[8,838,368,996]","[360,158]","[2,209,92,249]","[0,833,376,1001]","[376,168]","[0,833,376,1001]",False,"[0,208,94,251]","[0,832,376,1004]",detected_stock_alpha_component_in_verified_six_state_pack_order
common_high_standard,high,standard,7,back,戻る,뒤로,[],4,,45,"[384,838,744,996]","[360,158]","[96,209,186,249]","[376,833,752,1001]","[376,168]","[376,833,752,1001]",False,"[94,208,188,251]","[376,832,752,1004]",detected_stock_alpha_component_in_verified_six_state_pack_order
common_high_standard,high,standard,7,back,戻る,뒤로,[],5,,46,"[760,838,1120,996]","[360,158]","[190,209,280,249]","[752,833,1128,1001]","[376,168]","[752,833,1128,1001]",False,"[188,208,282,251]","[752,832,1128,1004]",detected_stock_alpha_component_in_verified_six_state_pack_order
common_high_standard,high,standard,7,back,戻る,뒤로,[],6,,47,"[1136,846,1496,1004]","[360,158]","[284,211,374,251]","[1128,841,1504,1009]","[376,168]","[1128,841,1504,1009]",False,"[282,210,376,253]","[1128,840,1504,1012]",detected_stock_alpha_component_in_verified_six_state_pack_order
common_high_standard,high,standard,8,no,いいえ,아니오,[],1,,48,"[1512,846,1872,1004]","[360,158]","[378,211,468,251]","[1504,841,1880,1009]","[376,168]","[1504,841,1880,1009]",False,"[376,210,470,253]","[1504,840,1880,1012]",detected_stock_alpha_component_in_verified_six_state_pack_order
common_high_standard,high,standard,8,no,いいえ,아니오,[],2,,49,"[1888,846,2248,1004]","[360,158]","[472,211,562,251]","[1880,841,2256,1009]","[376,168]","[1880,841,2256,1009]",False,"[470,210,564,253]","[1880,840,2256,1012]",detected_stock_alpha_component_in_verified_six_state_pack_order
common_high_standard,high,standard,8,no,いいえ,아니오,[],3,,50,"[2264,846,2624,1004]","[360,158]","[566,211,656,251]","[2256,841,2632,1009]","[376,168]","[2256,841,2632,1009]",False,"[564,210,658,253]","[2256,840,2632,1012]",detected_stock_alpha_component_in_verified_six_state_pack_order
common_high_standard,high,standard,8,no,いいえ,아니오,[],4,,51,"[2640,846,3000,1004]","[360,158]","[660,211,750,251]","[2632,841,3008,1009]","[376,168]","[2632,841,3008,1009]",False,"[658,210,752,253]","[2632,840,3008,1012]",detected_stock_alpha_component_in_verified_six_state_pack_order
common_high_standard,high,standard,8,no,いいえ,아니오,[],5,,52,"[3016,846,3376,1004]","[360,158]","[754,211,844,251]","[3008,841,3384,1009]","[376,168]","[3008,841,3384,1009]",False,"[752,210,846,253]","[3008,840,3384,1012]",detected_stock_alpha_component_in_verified_six_state_pack_order
common_high_standard,high,standard,8,no,いいえ,아니오,[],6,,53,"[3392,846,3752,1004]","[360,158]","[848,211,938,251]","[3384,841,3760,1009]","[376,168]","[3384,841,3760,1009]",False,"[846,210,940,253]","[3384,840,3760,1012]",detected_stock_alpha_component_in_verified_six_state_pack_order
common_high_standard,high,standard,9,hime,姫,공주,"[""희""]",1,,54,"[8,1006,368,1164]","[360,158]","[2,251,92,291]","[0,1001,376,1169]","[376,168]","[0,1001,376,1169]",False,"[0,250,94,293]","[0,1000,376,1172]",detected_stock_alpha_component_in_verified_six_state_pack_order
common_high_standard,high,standard,9,hime,姫,공주,"[""희""]",2,,55,"[384,1006,744,1164]","[360,158]","[96,251,186,291]","[376,1001,752,1169]","[376,168]","[376,1001,752,1169]",False,"[94,250,188,293]","[376,1000,752,1172]",detected_stock_alpha_component_in_verified_six_state_pack_order
common_high_standard,high,standard,9,hime,姫,공주,"[""희""]",3,,56,"[760,1006,1120,1164]","[360,158]","[190,251,280,291]","[752,1001,1128,1169]","[376,168]","[752,1001,1128,1169]",False,"[188,250,282,293]","[752,1000,1128,1172]",detected_stock_alpha_component_in_verified_six_state_pack_order
common_high_standard,high,standard,9,hime,姫,공주,"[""희""]",4,,57,"[1136,1014,1496,1172]","[360,158]","[284,253,374,293]","[1128,1009,1504,1177]","[376,168]","[1128,1009,1504,1177]",False,"[282,252,376,295]","[1128,1008,1504,1180]",detected_stock_alpha_component_in_verified_six_state_pack_order
common_high_standard,high,standard,9,hime,姫,공주,"[""희""]",5,,58,"[1512,1014,1872,1172]","[360,158]","[378,253,468,293]","[1504,1009,1880,1177]","[376,168]","[1504,1009,1880,1177]",False,"[376,252,470,295]","[1504,1008,1880,1180]",detected_stock_alpha_component_in_verified_six_state_pack_order
common_high_standard,high,standard,9,hime,姫,공주,"[""희""]",6,,59,"[1888,1014,2248,1172]","[360,158]","[472,253,562,293]","[1880,1009,2256,1177]","[376,168]","[1880,1009,2256,1177]",False,"[470,252,564,295]","[1880,1008,2256,1180]",detected_stock_alpha_component_in_verified_six_state_pack_order
common_high_standard,high,standard,10,command,采配する,지휘,[],1,,60,"[2264,1014,2624,1172]","[360,158]","[566,253,656,293]","[2256,1009,2632,1177]","[376,168]","[2256,1009,2632,1177]",False,"[564,252,658,295]","[2256,1008,2632,1180]",detected_stock_alpha_component_in_verified_six_state_pack_order
common_high_standard,high,standard,10,command,采配する,지휘,[],2,,61,"[2640,1014,3000,1172]","[360,158]","[660,253,750,293]","[2632,1009,3008,1177]","[376,168]","[2632,1009,3008,1177]",False,"[658,252,752,295]","[2632,1008,3008,1180]",detected_stock_alpha_component_in_verified_six_state_pack_order
common_high_standard,high,standard,10,command,采配する,지휘,[],3,,62,"[3016,1014,3376,1172]","[360,158]","[754,253,844,293]","[3008,1009,3384,1177]","[376,168]","[3008,1009,3384,1177]",False,"[752,252,846,295]","[3008,1008,3384,1180]",detected_stock_alpha_component_in_verified_six_state_pack_order
common_high_standard,high,standard,10,command,采配する,지휘,[],4,,63,"[3392,1014,3752,1172]","[360,158]","[848,253,938,293]","[3384,1009,3760,1177]","[376,168]","[3384,1009,3760,1177]",False,"[846,252,940,295]","[3384,1008,3760,1180]",detected_stock_alpha_component_in_verified_six_state_pack_order
common_high_standard,high,standard,10,command,采配する,지휘,[],5,,64,"[8,1174,368,1332]","[360,158]","[2,293,92,333]","[0,1169,376,1337]","[376,168]","[0,1169,376,1337]",False,"[0,292,94,335]","[0,1168,376,1340]",detected_stock_alpha_component_in_verified_six_state_pack_order
common_high_standard,high,standard,10,command,采配する,지휘,[],6,,65,"[384,1174,744,1332]","[360,158]","[96,293,186,333]","[376,1169,752,1337]","[376,168]","[376,1169,752,1337]",False,"[94,292,188,335]","[376,1168,752,1340]",detected_stock_alpha_component_in_verified_six_state_pack_order
common_high_standard,high,standard,11,renegotiate,再交渉,재교섭,[],1,,66,"[760,1174,1120,1332]","[360,158]","[190,293,280,333]","[752,1169,1128,1337]","[376,168]","[752,1169,1128,1337]",False,"[188,292,282,335]","[752,1168,1128,1340]",detected_stock_alpha_component_in_verified_six_state_pack_order
common_high_standard,high,standard,11,renegotiate,再交渉,재교섭,[],2,,67,"[1136,1182,1496,1340]","[360,158]","[284,295,374,335]","[1128,1177,1504,1345]","[376,168]","[1128,1177,1504,1345]",False,"[282,294,376,337]","[1128,1176,1504,1348]",detected_stock_alpha_component_in_verified_six_state_pack_order
common_high_standard,high,standard,11,renegotiate,再交渉,재교섭,[],3,,68,"[1512,1182,1872,1340]","[360,158]","[378,295,468,335]","[1504,1177,1880,1345]","[376,168]","[1504,1177,1880,1345]",False,"[376,294,470,337]","[1504,1176,1880,1348]",detected_stock_alpha_component_in_verified_six_state_pack_order
common_high_standard,high,standard,11,renegotiate,再交渉,재교섭,[],4,,69,"[1888,1182,2248,1340]","[360,158]","[472,295,562,335]","[1880,1177,2256,1345]","[376,168]","[1880,1177,2256,1345]",False,"[470,294,564,337]","[1880,1176,2256,1348]",detected_stock_alpha_component_in_verified_six_state_pack_order
common_high_standard,high,standard,11,renegotiate,再交渉,재교섭,[],5,,70,"[2264,1182,2624,1340]","[360,158]","[566,295,656,335]","[2256,1177,2632,1345]","[376,168]","[2256,1177,2632,1345]",False,"[564,294,658,337]","[2256,1176,2632,1348]",detected_stock_alpha_component_in_verified_six_state_pack_order
common_high_standard,high,standard,11,renegotiate,再交渉,재교섭,[],6,,71,"[2640,1182,3000,1340]","[360,158]","[660,295,750,335]","[2632,1177,3008,1345]","[376,168]","[2632,1177,3008,1345]",False,"[658,294,752,337]","[2632,1176,3008,1348]",detected_stock_alpha_component_in_verified_six_state_pack_order
common_high_standard,high,standard,12,accept,承諾,수락,"[""승낙""]",1,,72,"[3016,1182,3376,1340]","[360,158]","[754,295,844,335]","[3008,1177,3384,1345]","[376,168]","[3008,1177,3384,1345]",False,"[752,294,846,337]","[3008,1176,3384,1348]",detected_stock_alpha_component_in_verified_six_state_pack_order
common_high_standard,high,standard,12,accept,承諾,수락,"[""승낙""]",2,,73,"[3392,1182,3752,1340]","[360,158]","[848,295,938,335]","[3384,1177,3760,1345]","[376,168]","[3384,1177,3760,1345]",False,"[846,294,940,337]","[3384,1176,3760,1348]",detected_stock_alpha_component_in_verified_six_state_pack_order
common_high_standard,high,standard,12,accept,承諾,수락,"[""승낙""]",3,,74,"[8,1342,368,1500]","[360,158]","[2,335,92,375]","[0,1337,376,1505]","[376,168]","[0,1337,376,1505]",False,"[0,334,94,377]","[0,1336,376,1508]",detected_stock_alpha_component_in_verified_six_state_pack_order
common_high_standard,high,standard,12,accept,承諾,수락,"[""승낙""]",4,,75,"[384,1342,744,1500]","[360,158]","[96,335,186,375]","[376,1337,752,1505]","[376,168]","[376,1337,752,1505]",False,"[94,334,188,377]","[376,1336,752,1508]",detected_stock_alpha_component_in_verified_six_state_pack_order
common_high_standard,high,standard,12,accept,承諾,수락,"[""승낙""]",5,,76,"[760,1342,1120,1500]","[360,158]","[190,335,280,375]","[752,1337,1128,1505]","[376,168]","[752,1337,1128,1505]",False,"[188,334,282,377]","[752,1336,1128,1508]",detected_stock_alpha_component_in_verified_six_state_pack_order
common_high_standard,high,standard,12,accept,承諾,수락,"[""승낙""]",6,,77,"[1136,1350,1496,1508]","[360,158]","[284,337,374,377]","[1128,1345,1504,1513]","[376,168]","[1128,1345,1504,1513]",False,"[282,336,376,379]","[1128,1344,1504,1516]",detected_stock_alpha_component_in_verified_six_state_pack_order
common_high_standard,high,standard,13,dispose,処断,처단,[],1,,78,"[1512,1350,1872,1508]","[360,158]","[378,337,468,377]","[1504,1345,1880,1513]","[376,168]","[1504,1345,1880,1513]",False,"[376,336,470,379]","[1504,1344,1880,1516]",detected_stock_alpha_component_in_verified_six_state_pack_order
common_high_standard,high,standard,13,dispose,処断,처단,[],2,,79,"[1888,1350,2248,1508]","[360,158]","[472,337,562,377]","[1880,1345,2256,1513]","[376,168]","[1880,1345,2256,1513]",False,"[470,336,564,379]","[1880,1344,2256,1516]",detected_stock_alpha_component_in_verified_six_state_pack_order
common_high_standard,high,standard,13,dispose,処断,처단,[],3,,80,"[2264,1350,2624,1508]","[360,158]","[566,337,656,377]","[2256,1345,2632,1513]","[376,168]","[2256,1345,2632,1513]",False,"[564,336,658,379]","[2256,1344,2632,1516]",detected_stock_alpha_component_in_verified_six_state_pack_order
common_high_standard,high,standard,13,dispose,処断,처단,[],4,,81,"[2640,1350,3000,1508]","[360,158]","[660,337,750,377]","[2632,1345,3008,1513]","[376,168]","[2632,1345,3008,1513]",False,"[658,336,752,379]","[2632,1344,3008,1516]",detected_stock_alpha_component_in_verified_six_state_pack_order
common_high_standard,high,standard,13,dispose,処断,처단,[],5,,82,"[3016,1350,3376,1508]","[360,158]","[754,337,844,377]","[3008,1345,3384,1513]","[376,168]","[3008,1345,3384,1513]",False,"[752,336,846,379]","[3008,1344,3384,1516]",detected_stock_alpha_component_in_verified_six_state_pack_order
common_high_standard,high,standard,13,dispose,処断,처단,[],6,,83,"[3392,1350,3752,1508]","[360,158]","[848,337,938,377]","[3384,1345,3760,1513]","[376,168]","[3384,1345,3760,1513]",False,"[846,336,940,379]","[3384,1344,3760,1516]",detected_stock_alpha_component_in_verified_six_state_pack_order
common_high_standard,high,standard,14,skip,スキップ,건너뛰기,[],1,,84,"[8,1510,368,1668]","[360,158]","[2,377,92,417]","[0,1505,376,1673]","[376,168]","[0,1505,376,1673]",False,"[0,376,94,419]","[0,1504,376,1676]",detected_stock_alpha_component_in_verified_six_state_pack_order
common_high_standard,high,standard,14,skip,スキップ,건너뛰기,[],2,,85,"[384,1510,744,1668]","[360,158]","[96,377,186,417]","[376,1505,752,1673]","[376,168]","[376,1505,752,1673]",False,"[94,376,188,419]","[376,1504,752,1676]",detected_stock_alpha_component_in_verified_six_state_pack_order
common_high_standard,high,standard,14,skip,スキップ,건너뛰기,[],3,,86,"[760,1510,1120,1668]","[360,158]","[190,377,280,417]","[752,1505,1128,1673]","[376,168]","[752,1505,1128,1673]",False,"[188,376,282,419]","[752,1504,1128,1676]",detected_stock_alpha_component_in_verified_six_state_pack_order
common_high_standard,high,standard,14,skip,スキップ,건너뛰기,[],4,,87,"[1136,1518,1496,1676]","[360,158]","[284,379,374,419]","[1128,1513,1504,1681]","[376,168]","[1128,1513,1504,1681]",False,"[282,378,376,421]","[1128,1512,1504,1684]",detected_stock_alpha_component_in_verified_six_state_pack_order
common_high_standard,high,standard,14,skip,スキップ,건너뛰기,[],5,,88,"[1512,1518,1872,1676]","[360,158]","[378,379,468,419]","[1504,1513,1880,1681]","[376,168]","[1504,1513,1880,1681]",False,"[376,378,470,421]","[1504,1512,1880,1684]",detected_stock_alpha_component_in_verified_six_state_pack_order
common_high_standard,high,standard,14,skip,スキップ,건너뛰기,[],6,,89,"[1888,1518,2248,1676]","[360,158]","[472,379,562,419]","[1880,1513,2256,1681]","[376,168]","[1880,1513,2256,1681]",False,"[470,378,564,421]","[1880,1512,2256,1684]",detected_stock_alpha_component_in_verified_six_state_pack_order
common_high_standard,high,standard,15,start,開始,시작,"[""개시""]",1,,90,"[2264,1518,2624,1676]","[360,158]","[566,379,656,419]","[2256,1513,2632,1681]","[376,168]","[2256,1513,2632,1681]",False,"[564,378,658,421]","[2256,1512,2632,1684]",detected_stock_alpha_component_in_verified_six_state_pack_order
common_high_standard,high,standard,15,start,開始,시작,"[""개시""]",2,,91,"[2640,1518,3000,1676]","[360,158]","[660,379,750,419]","[2632,1513,3008,1681]","[376,168]","[2632,1513,3008,1681]",False,"[658,378,752,421]","[2632,1512,3008,1684]",detected_stock_alpha_component_in_verified_six_state_pack_order
common_high_standard,high,standard,15,start,開始,시작,"[""개시""]",3,,92,"[3016,1518,3376,1676]","[360,158]","[754,379,844,419]","[3008,1513,3384,1681]","[376,168]","[3008,1513,3384,1681]",False,"[752,378,846,421]","[3008,1512,3384,1684]",detected_stock_alpha_component_in_verified_six_state_pack_order
common_high_standard,high,standard,15,start,開始,시작,"[""개시""]",4,,93,"[3392,1518,3752,1676]","[360,158]","[848,379,938,419]","[3384,1513,3760,1681]","[376,168]","[3384,1513,3760,1681]",False,"[846,378,940,421]","[3384,1512,3760,1684]",detected_stock_alpha_component_in_verified_six_state_pack_order
common_high_standard,high,standard,15,start,開始,시작,"[""개시""]",5,,94,"[8,1678,368,1836]","[360,158]","[2,419,92,459]","[0,1673,376,1841]","[376,168]","[0,1673,376,1841]",False,"[0,418,94,461]","[0,1672,376,1844]",detected_stock_alpha_component_in_verified_six_state_pack_order
common_high_standard,high,standard,15,start,開始,시작,"[""개시""]",6,,95,"[384,1678,744,1836]","[360,158]","[96,419,186,459]","[376,1673,752,1841]","[376,168]","[376,1673,752,1841]",False,"[94,418,188,461]","[376,1672,752,1844]",detected_stock_alpha_component_in_verified_six_state_pack_order
common_high_standard,high,standard,16,recruit,登用,등용,[],1,,96,"[760,1678,1120,1836]","[360,158]","[190,419,280,459]","[752,1673,1128,1841]","[376,168]","[752,1673,1128,1841]",False,"[188,418,282,461]","[752,1672,1128,1844]",detected_stock_alpha_component_in_verified_six_state_pack_order
common_high_standard,high,standard,16,recruit,登用,등용,[],2,,97,"[1136,1686,1496,1844]","[360,158]","[284,421,374,461]","[1128,1681,1504,1849]","[376,168]","[1128,1681,1504,1849]",False,"[282,420,376,463]","[1128,1680,1504,1852]",detected_stock_alpha_component_in_verified_six_state_pack_order
common_high_standard,high,standard,16,recruit,登用,등용,[],3,,98,"[1512,1686,1872,1844]","[360,158]","[378,421,468,461]","[1504,1681,1880,1849]","[376,168]","[1504,1681,1880,1849]",False,"[376,420,470,463]","[1504,1680,1880,1852]",detected_stock_alpha_component_in_verified_six_state_pack_order
common_high_standard,high,standard,16,recruit,登用,등용,[],4,,99,"[1888,1686,2248,1844]","[360,158]","[472,421,562,461]","[1880,1681,2256,1849]","[376,168]","[1880,1681,2256,1849]",False,"[470,420,564,463]","[1880,1680,2256,1852]",detected_stock_alpha_component_in_verified_six_state_pack_order
common_high_standard,high,standard,16,recruit,登用,등용,[],5,,100,"[2264,1686,2624,1844]","[360,158]","[566,421,656,461]","[2256,1681,2632,1849]","[376,168]","[2256,1681,2632,1849]",False,"[564,420,658,463]","[2256,1680,2632,1852]",detected_stock_alpha_component_in_verified_six_state_pack_order
common_high_standard,high,standard,16,recruit,登用,등용,[],6,,101,"[2640,1686,3000,1844]","[360,158]","[660,421,750,461]","[2632,1681,3008,1849]","[376,168]","[2632,1681,3008,1849]",False,"[658,420,752,463]","[2632,1680,3008,1852]",detected_stock_alpha_component_in_verified_six_state_pack_order
common_high_standard,high,standard,17,warrior,武将,무장,[],1,,102,"[3016,1686,3376,1844]","[360,158]","[754,421,844,461]","[3008,1681,3384,1849]","[376,168]","[3008,1681,3384,1849]",False,"[752,420,846,463]","[3008,1680,3384,1852]",detected_stock_alpha_component_in_verified_six_state_pack_order
common_high_standard,high,standard,17,warrior,武将,무장,[],2,,103,"[3392,1686,3752,1844]","[360,158]","[848,421,938,461]","[3384,1681,3760,1849]","[376,168]","[3384,1681,3760,1849]",False,"[846,420,940,463]","[3384,1680,3760,1852]",detected_stock_alpha_component_in_verified_six_state_pack_order
common_high_standard,high,standard,17,warrior,武将,무장,[],3,,104,"[8,1846,368,2004]","[360,158]","[2,461,92,501]","[0,1841,376,2009]","[376,168]","[0,1841,376,2009]",False,"[0,460,94,503]","[0,1840,376,2012]",detected_stock_alpha_component_in_verified_six_state_pack_order
common_high_standard,high,standard,17,warrior,武将,무장,[],4,,105,"[384,1846,744,2004]","[360,158]","[96,461,186,501]","[376,1841,752,2009]","[376,168]","[376,1841,752,2009]",False,"[94,460,188,503]","[376,1840,752,2012]",detected_stock_alpha_component_in_verified_six_state_pack_order
common_high_standard,high,standard,17,warrior,武将,무장,[],5,,106,"[760,1846,1120,2004]","[360,158]","[190,461,280,501]","[752,1841,1128,2009]","[376,168]","[752,1841,1128,2009]",False,"[188,460,282,503]","[752,1840,1128,2012]",detected_stock_alpha_component_in_verified_six_state_pack_order
common_high_standard,high,standard,17,warrior,武将,무장,[],6,,107,"[1136,1854,1496,2012]","[360,158]","[284,463,374,503]","[1128,1849,1504,2017]","[376,168]","[1128,1849,1504,2017]",False,"[282,462,376,505]","[1128,1848,1504,2020]",detected_stock_alpha_component_in_verified_six_state_pack_order
common_high_standard,high,standard,18,yes,はい,예,[],1,,108,"[1512,1854,1872,2012]","[360,158]","[378,463,468,503]","[1504,1849,1880,2017]","[376,168]","[1504,1849,1880,2017]",False,"[376,462,470,505]","[1504,1848,1880,2020]",detected_stock_alpha_component_in_verified_six_state_pack_order
common_high_standard,high,standard,18,yes,はい,예,[],2,,109,"[1888,1854,2248,2012]","[360,158]","[472,463,562,503]","[1880,1849,2256,2017]","[376,168]","[1880,1849,2256,2017]",False,"[470,462,564,505]","[1880,1848,2256,2020]",detected_stock_alpha_component_in_verified_six_state_pack_order
common_high_standard,high,standard,18,yes,はい,예,[],3,,110,"[2264,1854,2624,2012]","[360,158]","[566,463,656,503]","[2256,1849,2632,2017]","[376,168]","[2256,1849,2632,2017]",False,"[564,462,658,505]","[2256,1848,2632,2020]",detected_stock_alpha_component_in_verified_six_state_pack_order
common_high_standard,high,standard,18,yes,はい,예,[],4,,111,"[2640,1854,3000,2012]","[360,158]","[660,463,750,503]","[2632,1849,3008,2017]","[376,168]","[2632,1849,3008,2017]",False,"[658,462,752,505]","[2632,1848,3008,2020]",detected_stock_alpha_component_in_verified_six_state_pack_order
common_high_standard,high,standard,18,yes,はい,예,[],5,,112,"[3016,1854,3376,2012]","[360,158]","[754,463,844,503]","[3008,1849,3384,2017]","[376,168]","[3008,1849,3384,2017]",False,"[752,462,846,505]","[3008,1848,3384,2020]",detected_stock_alpha_component_in_verified_six_state_pack_order
common_high_standard,high,standard,18,yes,はい,예,[],6,,113,"[3392,1854,3752,2012]","[360,158]","[848,463,938,503]","[3384,1849,3760,2017]","[376,168]","[3384,1849,3760,2017]",False,"[846,462,940,505]","[3384,1848,3760,2020]",detected_stock_alpha_component_in_verified_six_state_pack_order
common_high_standard,high,standard,19,next,次へ,다음,[],1,,114,"[8,2014,368,2172]","[360,158]","[2,503,92,543]","[0,2009,376,2177]","[376,168]","[0,2009,376,2177]",False,"[0,502,94,545]","[0,2008,376,2180]",detected_stock_alpha_component_in_verified_six_state_pack_order
common_high_standard,high,standard,19,next,次へ,다음,[],2,,115,"[384,2014,744,2172]","[360,158]","[96,503,186,543]","[376,2009,752,2177]","[376,168]","[376,2009,752,2177]",False,"[94,502,188,545]","[376,2008,752,2180]",detected_stock_alpha_component_in_verified_six_state_pack_order
common_high_standard,high,standard,19,next,次へ,다음,[],3,,116,"[760,2014,1120,2172]","[360,158]","[190,503,280,543]","[752,2009,1128,2177]","[376,168]","[752,2009,1128,2177]",False,"[188,502,282,545]","[752,2008,1128,2180]",detected_stock_alpha_component_in_verified_six_state_pack_order
common_high_standard,high,standard,19,next,次へ,다음,[],4,,117,"[1136,2022,1496,2180]","[360,158]","[284,505,374,545]","[1128,2017,1504,2185]","[376,168]","[1128,2017,1504,2185]",False,"[282,504,376,547]","[1128,2016,1504,2188]",detected_stock_alpha_component_in_verified_six_state_pack_order
common_high_standard,high,standard,19,next,次へ,다음,[],5,,118,"[1512,2022,1872,2180]","[360,158]","[378,505,468,545]","[1504,2017,1880,2185]","[376,168]","[1504,2017,1880,2185]",False,"[376,504,470,547]","[1504,2016,1880,2188]",detected_stock_alpha_component_in_verified_six_state_pack_order
common_high_standard,high,standard,19,next,次へ,다음,[],6,,119,"[1888,2022,2248,2180]","[360,158]","[472,505,562,545]","[1880,2017,2256,2185]","[376,168]","[1880,2017,2256,2185]",False,"[470,504,564,547]","[1880,2016,2256,2188]",detected_stock_alpha_component_in_verified_six_state_pack_order
common_high_battle,high,battle_start,0,battle_start,開戦,개전,[],1,,0,"[10,7,514,157]","[504,150]","[2,1,129,40]","[8,5,516,159]","[508,154]","[8,5,516,159]",False,"[2,1,129,40]","[8,4,516,160]",detected_stock_alpha_component_and_issue117_native_rect_cross_check
common_high_battle,high,battle_start,0,battle_start,開戦,개전,[],2,,1,"[535,7,1026,151]","[491,144]","[133,1,257,38]","[534,6,1027,152]","[493,146]","[534,6,1027,152]",False,"[133,1,257,38]","[532,4,1028,152]",detected_stock_alpha_component_and_issue117_native_rect_cross_check
common_high_battle,high,battle_start,0,battle_start,開戦,개전,[],3,,2,"[1055,7,1546,151]","[491,144]","[263,1,387,38]","[1054,6,1547,152]","[493,146]","[1054,6,1547,152]",False,"[263,1,387,38]","[1052,4,1548,152]",detected_stock_alpha_component_and_issue117_native_rect_cross_check
common_high_battle,high,battle_start,0,battle_start,開戦,개전,[],4,,3,"[1575,7,2066,151]","[491,144]","[393,1,517,38]","[1574,6,2067,152]","[493,146]","[1574,6,2067,152]",False,"[393,1,517,38]","[1572,4,2068,152]",detected_stock_alpha_component_and_issue117_native_rect_cross_check
common_high_battle,high,battle_start,0,battle_start,開戦,개전,[],5,,4,"[2095,7,2586,151]","[491,144]","[523,1,647,38]","[2094,6,2587,152]","[493,146]","[2094,6,2587,152]",False,"[523,1,647,38]","[2092,4,2588,152]",detected_stock_alpha_component_and_issue117_native_rect_cross_check
common_high_battle,high,battle_start,0,battle_start,開戦,개전,[],6,,5,"[2615,7,3106,151]","[491,144]","[653,1,777,38]","[2614,6,3107,152]","[493,146]","[2614,6,3107,152]",False,"[653,1,777,38]","[2612,4,3108,152]",detected_stock_alpha_component_and_issue117_native_rect_cross_check
common_high_battle,high,battle_start,0,battle_start,開戦,개전,[],7,,6,"[3135,7,3626,151]","[491,144]","[783,1,907,38]","[3134,6,3627,152]","[493,146]","[3134,6,3627,152]",False,"[783,1,907,38]","[3132,4,3628,152]",detected_stock_alpha_component_and_issue117_native_rect_cross_check
pk_low_approve_all,low,approve_all,0,approve_all,全承認,전체승인,[],1,white,,"[1214,101,1394,180]","[180,79]","[303,25,349,45]","[1208,96,1400,184]","[192,88]","[1208,96,1400,184]",False,"[302,24,350,46]","[1208,96,1400,184]",independently_detected_native_low_bc7_cells_cross_locale_verified
pk_low_approve_all,low,approve_all,0,approve_all,全承認,전체승인,[],2,cyan,,"[1406,101,1586,180]","[180,79]","[351,25,397,45]","[1400,96,1592,184]","[192,88]","[1400,96,1592,184]",False,"[350,24,398,46]","[1400,96,1592,184]",independently_detected_native_low_bc7_cells_cross_locale_verified
pk_low_approve_all,low,approve_all,0,approve_all,全承認,전체승인,[],3,blue,,"[1598,101,1778,180]","[180,79]","[399,25,445,45]","[1592,96,1784,184]","[192,88]","[1592,96,1784,184]",False,"[398,24,446,46]","[1592,96,1784,184]",independently_detected_native_low_bc7_cells_cross_locale_verified
pk_low_approve_all,low,approve_all,0,approve_all,全承認,전체승인,[],4,disabled,,"[1790,101,1970,180]","[180,79]","[447,25,493,45]","[1784,96,1976,184]","[192,88]","[1784,96,1976,184]",False,"[446,24,494,46]","[1784,96,1976,184]",independently_detected_native_low_bc7_cells_cross_locale_verified
pk_low_approve_all,low,approve_all,0,approve_all,全承認,전체승인,[],5,cyan_alt,,"[6,165,186,244]","[180,79]","[1,41,47,61]","[0,160,192,248]","[192,88]","[0,160,192,248]",False,"[0,40,48,62]","[0,160,192,248]",independently_detected_native_low_bc7_cells_cross_locale_verified
pk_low_approve_all,low,approve_all,0,approve_all,全承認,전체승인,[],6,disabled_alt,,"[198,165,378,244]","[180,79]","[49,41,95,61]","[192,160,384,248]","[192,88]","[192,160,384,248]",False,"[48,40,96,62]","[192,160,384,248]",independently_detected_native_low_bc7_cells_cross_locale_verified
pk_high_approve_all,high,approve_all,0,approve_all,全承認,전체승인,[],1,white,,"[2416,190,2776,348]","[360,158]","[604,47,694,87]","[2412,188,2780,348]","[368,160]","[2412,188,2780,348]",False,"[603,47,695,87]","[2412,188,2780,348]",verified_native_high_bc7_cells_cross_locale
pk_high_approve_all,high,approve_all,0,approve_all,全承認,전체승인,[],2,cyan,,"[2792,190,3152,348]","[360,158]","[698,47,788,87]","[2788,188,3156,348]","[368,160]","[2788,188,3156,348]",False,"[697,47,789,87]","[2788,188,3156,348]",verified_native_high_bc7_cells_cross_locale
pk_high_approve_all,high,approve_all,0,approve_all,全承認,전체승인,[],3,blue,,"[3168,190,3528,348]","[360,158]","[792,47,882,87]","[3164,188,3532,348]","[368,160]","[3164,188,3532,348]",False,"[791,47,883,87]","[3164,188,3532,348]",verified_native_high_bc7_cells_cross_locale
pk_high_approve_all,high,approve_all,0,approve_all,全承認,전체승인,[],4,disabled,,"[3544,190,3904,348]","[360,158]","[886,47,976,87]","[3540,188,3908,348]","[368,160]","[3540,188,3908,348]",False,"[885,47,977,87]","[3540,188,3908,348]",verified_native_high_bc7_cells_cross_locale
pk_high_approve_all,high,approve_all,0,approve_all,全承認,전체승인,[],5,cyan_alt,,"[8,310,368,468]","[360,158]","[2,77,92,117]","[4,308,372,468]","[368,160]","[4,308,372,468]",False,"[1,77,93,117]","[4,308,372,468]",verified_native_high_bc7_cells_cross_locale
pk_high_approve_all,high,approve_all,0,approve_all,全承認,전체승인,[],6,disabled_alt,,"[384,310,744,468]","[360,158]","[96,77,186,117]","[380,308,748,468]","[368,160]","[380,308,748,468]",False,"[95,77,187,117]","[380,308,748,468]",verified_native_high_bc7_cells_cross_locale
